X,Y
252.99761904761905,594.0
252.99761904761905,593.0
252.99761904761905,592.0
252.99761904761905,591.0
252.99761904761905,590.0
252.99761904761905,589.0
252.99761904761905,588.0
252.99761904761905,587.0
252.99761904761905,586.0
252.99761904761905,585.0
252.99761904761905,584.0
252.99761904761905,583.0
252.99761904761905,582.0
252.99761904761905,581.0
252.99761904761905,580.0
252.99761904761905,579.0
252.99761904761905,578.0
252.99761904761905,577.0
252.99761904761905,576.0
252.99761904761905,575.0
252.99761904761905,574.0
252.99761904761905,573.0
252.99761904761905,572.0
252.99761904761905,571.0
252.99761904761905,570.0
252.99761904761905,569.0
252.99761904761905,568.0
252.99761904761905,567.0
252.99761904761905,566.0
252.99761904761905,565.0
252.99761904761905,564.0
252.99761904761905,563.0
252.99761904761905,562.0
252.99761904761905,561.0
252.99761904761905,560.0
252.99761904761905,559.0
252.99761904761905,558.0
252.99761904761905,557.0
252.99761904761905,556.0
252.99761904761905,555.0
252.99761904761905,554.0
252.99761904761905,553.0
252.99761904761905,552.0
252.99761904761905,551.0
252.99761904761905,550.0
252.0,549.0023809523809
251.99761904761905,549.0
251.99761904761905,548.0
251.99761904761905,547.0
251.99761904761905,546.0
251.99761904761905,545.0
251.99761904761905,544.0
251.99761904761905,543.0
251.99761904761905,542.0
251.99761904761905,541.0
251.99761904761905,540.0
251.99761904761905,539.0
251.99761904761905,538.0
251.99761904761905,537.0
251.99761904761905,536.0
251.99761904761905,535.0
251.99761904761905,534.0
251.99761904761905,533.0
251.99761904761905,532.0
251.99761904761905,531.0
251.99761904761905,530.0
251.99761904761905,529.0
251.99761904761905,528.0
251.99761904761905,527.0
251.99761904761905,526.0
251.99761904761905,525.0
251.99761904761905,524.0
251.99761904761905,523.0
251.99761904761905,522.0
251.99761904761905,521.0
251.99761904761905,520.0
251.99761904761905,519.0
251.99761904761905,518.0
251.99761904761905,517.0
251.99761904761905,516.0
251.99761904761905,515.0
251.99761904761905,514.0
251.99761904761905,513.0
251.99761904761905,512.0
251.99761904761905,511.0
251.99761904761905,510.0
251.99761904761905,509.0
251.99761904761905,508.0
251.99761904761905,507.0
251.99761904761905,506.0
251.99761904761905,505.0
251.99761904761905,504.0
251.99761904761905,503.0
251.99761904761905,502.0
251.99761904761905,501.0
251.99761904761905,500.0
251.99761904761905,499.0
251.99761904761905,498.0
251.99761904761905,497.0
251.99761904761905,496.0
251.99761904761905,495.0
251.99761904761905,494.0
251.99761904761905,493.0
251.99761904761905,492.0
251.99761904761905,491.0
251.99761904761905,490.0
251.99761904761905,489.0
251.99761904761905,488.0
251.99761904761905,487.0
251.99761904761905,486.0
251.99761904761905,485.0
251.99761904761905,484.0
251.99761904761905,483.0
251.99761904761905,482.0
251.99761904761905,481.0
251.99761904761905,480.0
251.99761904761905,479.0
251.99761904761905,478.0
251.99761904761905,477.0
251.99761904761905,476.0
251.99761904761905,475.0
251.99761904761905,474.0
251.99761904761905,473.0
251.99761904761905,472.0
251.99761904761905,471.0
251.99761904761905,470.0
251.99761904761905,469.0
251.99761904761905,468.0
251.99761904761905,467.0
251.99761904761905,466.0
251.99761904761905,465.0
251.99761904761905,464.0
251.99761904761905,463.0
251.99761904761905,462.0
251.99761904761905,461.0
251.99761904761905,460.0
251.99761904761905,459.0
251.99761904761905,458.0
251.99761904761905,457.0
251.99761904761905,456.0
251.99761904761905,455.0
251.99761904761905,454.0
251.99761904761905,453.0
251.99761904761905,452.0
251.99761904761905,451.0
251.99761904761905,450.0
251.99761904761905,449.0
251.99761904761905,448.0
251.99761904761905,447.0
251.99761904761905,446.0
251.99761904761905,445.0
251.99761904761905,444.0
251.0,443.002380952381
250.0,443.002380952381
249.0,443.002380952381
248.0,443.002380952381
247.99761904761905,443.0
247.0,442.002380952381
246.0,442.002380952381
245.0,442.002380952381
244.0,442.002380952381
243.0,442.002380952381
242.0,442.002380952381
241.0,442.002380952381
240.0,442.002380952381
239.0,442.002380952381
238.0,442.002380952381
237.0,442.002380952381
236.0,442.002380952381
235.0,442.002380952381
234.0,442.002380952381
233.0,442.002380952381
232.0,442.002380952381
231.0,442.002380952381
230.0,442.002380952381
229.0,442.002380952381
228.0,442.002380952381
227.0,442.002380952381
226.0,442.002380952381
225.0,442.002380952381
224.0,442.002380952381
223.0,442.002380952381
222.0,442.002380952381
221.0,442.002380952381
220.0,442.002380952381
219.00238095238095,443.0
219.0,443.002380952381
218.0,443.002380952381
217.0,443.002380952381
216.0,443.002380952381
215.0,443.002380952381
214.0,443.002380952381
213.0,443.002380952381
212.0,443.002380952381
211.0,443.002380952381
210.0,443.002380952381
209.0,443.002380952381
208.0,443.002380952381
207.0,443.002380952381
206.0,443.002380952381
205.00238095238095,444.0
205.0,444.002380952381
204.0,444.002380952381
203.0,444.002380952381
202.0,444.002380952381
201.0,444.002380952381
200.0,444.002380952381
199.0,444.002380952381
198.0,444.002380952381
197.0,444.002380952381
196.0,444.002380952381
195.0,444.002380952381
194.0,444.002380952381
193.0,444.002380952381
192.0,444.002380952381
191.0,444.002380952381
190.0,444.002380952381
189.0,444.002380952381
188.0,444.002380952381
187.0,444.002380952381
186.0,444.002380952381
185.0,444.002380952381
184.00238095238095,445.0
184.0,445.002380952381
183.0,445.002380952381
182.0,445.002380952381
181.0,445.002380952381
180.0,445.002380952381
179.0,445.002380952381
178.0,445.002380952381
177.0,445.002380952381
176.0,445.002380952381
175.0,445.002380952381
174.0,445.002380952381
173.0,445.002380952381
172.0,445.002380952381
171.0,445.002380952381
170.0,445.002380952381
169.0,445.002380952381
168.0,445.002380952381
167.0,445.002380952381
166.0,445.002380952381
165.0,445.002380952381
164.0,445.002380952381
163.0,445.002380952381
162.0,445.002380952381
161.0,445.002380952381
160.0,445.002380952381
159.0,445.002380952381
158.0,445.002380952381
157.0,445.002380952381
156.0,445.002380952381
155.0,445.002380952381
154.0,445.002380952381
153.0,445.002380952381
152.0,445.002380952381
151.0,445.002380952381
150.0,445.002380952381
149.0,445.002380952381
148.0,445.002380952381
147.0,445.002380952381
146.0,445.002380952381
145.0,445.002380952381
144.0,445.002380952381
143.0,445.002380952381
142.0,445.002380952381
141.0,445.002380952381
140.0,445.002380952381
139.0,445.002380952381
138.0,445.002380952381
137.0,445.002380952381
136.0,445.002380952381
135.0,445.002380952381
134.0,445.002380952381
133.0,445.002380952381
132.0,445.002380952381
131.0,445.002380952381
130.0,445.002380952381
129.0,445.002380952381
128.0,445.002380952381
127.0,445.002380952381
126.0,445.002380952381
125.0,445.002380952381
124.0,445.002380952381
123.0,445.002380952381
122.0,445.002380952381
121.0,445.002380952381
120.0,445.002380952381
119.0,445.002380952381
118.99761904761905,445.0
118.0,444.002380952381
117.99761904761905,444.0
117.99761904761905,443.0
117.99761904761905,442.0
117.99761904761905,441.0
117.99761904761905,440.0
117.99761904761905,439.0
117.99761904761905,438.0
117.99761904761905,437.0
117.99761904761905,436.0
117.99761904761905,435.0
117.99761904761905,434.0
117.99761904761905,433.0
117.99761904761905,432.0
117.99761904761905,431.0
117.99761904761905,430.0
117.99761904761905,429.0
117.99761904761905,428.0
117.99761904761905,427.0
117.99761904761905,426.0
117.99761904761905,425.0
117.99761904761905,424.0
117.99761904761905,423.0
117.99761904761905,422.0
117.99761904761905,421.0
117.99761904761905,420.0
117.99761904761905,419.0
117.99761904761905,418.0
117.99761904761905,417.0
117.99761904761905,416.0
117.99761904761905,415.0
117.99761904761905,414.0
117.99761904761905,413.0
117.99761904761905,412.0
117.99761904761905,411.0
117.99761904761905,410.0
117.99761904761905,409.0
117.99761904761905,408.0
117.99761904761905,407.0
117.99761904761905,406.0
117.99761904761905,405.0
117.99761904761905,404.0
117.99761904761905,403.0
117.99761904761905,402.0
117.99761904761905,401.0
117.99761904761905,400.0
117.99761904761905,399.0
117.99761904761905,398.0
117.99761904761905,397.0
117.99761904761905,396.0
117.99761904761905,395.0
117.99761904761905,394.0
117.99761904761905,393.0
117.99761904761905,392.0
117.99761904761905,391.0
117.99761904761905,390.0
117.99761904761905,389.0
117.99761904761905,388.0
117.0,387.002380952381
116.99761904761905,387.0
116.99761904761905,386.0
116.99761904761905,385.0
116.99761904761905,384.0
116.99761904761905,383.0
116.99761904761905,382.0
116.99761904761905,381.0
116.99761904761905,380.0
116.99761904761905,379.0
116.99761904761905,378.0
116.99761904761905,377.0
116.99761904761905,376.0
116.99761904761905,375.0
116.99761904761905,374.0
116.99761904761905,373.0
116.99761904761905,372.0
116.99761904761905,371.0
116.99761904761905,370.0
116.99761904761905,369.0
116.99761904761905,368.0
116.99761904761905,367.0
116.0,366.002380952381
115.99761904761905,366.0
115.99761904761905,365.0
115.99761904761905,364.0
115.99761904761905,363.0
115.99761904761905,362.0
115.99761904761905,361.0
115.99761904761905,360.0
115.99761904761905,359.0
115.99761904761905,358.0
115.99761904761905,357.0
115.99761904761905,356.0
115.99761904761905,355.0
115.99761904761905,354.0
115.99761904761905,353.0
115.99761904761905,352.0
115.99761904761905,351.0
115.99761904761905,350.0
115.99761904761905,349.0
115.99761904761905,348.0
115.99761904761905,347.0
115.99761904761905,346.0
115.99761904761905,345.0
115.99761904761905,344.0
115.99761904761905,343.0
115.99761904761905,342.0
115.99761904761905,341.0
115.99761904761905,340.0
115.99761904761905,339.0
115.99761904761905,338.0
115.99761904761905,337.0
115.99761904761905,336.0
115.99761904761905,335.0
115.99761904761905,334.0
115.99761904761905,333.0
115.99761904761905,332.0
115.99761904761905,331.0
115.99761904761905,330.0
115.99761904761905,329.0
115.99761904761905,328.0
115.99761904761905,327.0
115.99761904761905,326.0
115.99761904761905,325.0
115.99761904761905,324.0
115.99761904761905,323.0
115.99761904761905,322.0
115.99761904761905,321.0
115.99761904761905,320.0
115.99761904761905,319.0
115.99761904761905,318.0
115.99761904761905,317.0
115.99761904761905,316.0
115.99761904761905,315.0
116.0,314.997619047619
116.99761904761905,314.0
116.99761904761905,313.0
116.99761904761905,312.0
116.99761904761905,311.0
116.99761904761905,310.0
116.99761904761905,309.0
116.99761904761905,308.0
116.99761904761905,307.0
116.99761904761905,306.0
116.99761904761905,305.0
116.99761904761905,304.0
116.99761904761905,303.0
116.99761904761905,302.0
116.99761904761905,301.0
116.99761904761905,300.0
116.99761904761905,299.0
116.99761904761905,298.0
116.99761904761905,297.0
116.99761904761905,296.0
116.99761904761905,295.0
116.99761904761905,294.0
116.99761904761905,293.0
116.99761904761905,292.0
116.99761904761905,291.0
116.99761904761905,290.0
116.99761904761905,289.0
116.99761904761905,288.0
116.99761904761905,287.0
116.99761904761905,286.0
116.99761904761905,285.0
116.99761904761905,284.0
116.99761904761905,283.0
116.99761904761905,282.0
116.99761904761905,281.0
116.99761904761905,280.0
116.99761904761905,279.0
116.99761904761905,278.0
116.99761904761905,277.0
116.99761904761905,276.0
116.99761904761905,275.0
116.99761904761905,274.0
116.99761904761905,273.0
116.99761904761905,272.0
116.99761904761905,271.0
116.99761904761905,270.0
116.99761904761905,269.0
116.99761904761905,268.0
116.99761904761905,267.0
116.99761904761905,266.0
116.99761904761905,265.0
116.99761904761905,264.0
116.99761904761905,263.0
116.99761904761905,262.0
116.99761904761905,261.0
116.99761904761905,260.0
116.99761904761905,259.0
116.99761904761905,258.0
116.99761904761905,257.0
116.99761904761905,256.0
116.99761904761905,255.0
116.99761904761905,254.0
116.99761904761905,253.0
116.99761904761905,252.0
116.99761904761905,251.0
116.99761904761905,250.0
116.99761904761905,249.0
116.99761904761905,248.0
116.0,247.00238095238095
115.99761904761905,247.0
115.99761904761905,246.0
115.99761904761905,245.0
115.99761904761905,244.0
115.99761904761905,243.0
115.99761904761905,242.0
115.99761904761905,241.0
115.99761904761905,240.0
115.99761904761905,239.0
115.99761904761905,238.0
115.99761904761905,237.0
115.99761904761905,236.0
115.99761904761905,235.0
115.99761904761905,234.0
115.99761904761905,233.0
115.99761904761905,232.0
115.99761904761905,231.0
115.99761904761905,230.0
115.99761904761905,229.0
115.99761904761905,228.0
115.99761904761905,227.0
115.99761904761905,226.0
115.99761904761905,225.0
115.99761904761905,224.0
115.99761904761905,223.0
115.99761904761905,222.0
115.99761904761905,221.0
115.99761904761905,220.0
115.99761904761905,219.0
115.99761904761905,218.0
115.99761904761905,217.0
115.99761904761905,216.0
115.99761904761905,215.0
115.99761904761905,214.0
115.99761904761905,213.0
115.99761904761905,212.0
115.99761904761905,211.0
115.99761904761905,210.0
115.99761904761905,209.0
115.99761904761905,208.0
115.99761904761905,207.0
115.99761904761905,206.0
115.99761904761905,205.0
115.99761904761905,204.0
115.99761904761905,203.0
115.99761904761905,202.0
115.99761904761905,201.0
115.99761904761905,200.0
115.99761904761905,199.0
115.99761904761905,198.0
115.99761904761905,197.0
115.99761904761905,196.0
115.99761904761905,195.0
115.99761904761905,194.0
115.0,193.00238095238095
114.99761904761905,193.0
114.99761904761905,192.0
114.99761904761905,191.0
114.99761904761905,190.0
114.99761904761905,189.0
114.99761904761905,188.0
114.99761904761905,187.0
114.99761904761905,186.0
114.99761904761905,185.0
114.99761904761905,184.0
114.99761904761905,183.0
114.99761904761905,182.0
114.99761904761905,181.0
114.99761904761905,180.0
114.99761904761905,179.0
114.99761904761905,178.0
114.99761904761905,177.0
114.99761904761905,176.0
114.99761904761905,175.0
114.99761904761905,174.0
114.99761904761905,173.0
114.99761904761905,172.0
114.99761904761905,171.0
114.99761904761905,170.0
114.99761904761905,169.0
114.99761904761905,168.0
114.99761904761905,167.0
114.99761904761905,166.0
114.99761904761905,165.0
114.99761904761905,164.0
114.99761904761905,163.0
114.99761904761905,162.0
114.99761904761905,161.0
114.99761904761905,160.0
114.99761904761905,159.0
114.99761904761905,158.0
114.99761904761905,157.0
114.99761904761905,156.0
114.99761904761905,155.0
114.99761904761905,154.0
114.99761904761905,153.0
114.99761904761905,152.0
114.99761904761905,151.0
114.99761904761905,150.0
114.99761904761905,149.0
114.99761904761905,148.0
114.99761904761905,147.0
114.99761904761905,146.0
114.99761904761905,145.0
114.99761904761905,144.0
114.99761904761905,143.0
114.99761904761905,142.0
114.99761904761905,141.0
114.99761904761905,140.0
114.99761904761905,139.0
114.99761904761905,138.0
114.99761904761905,137.0
114.99761904761905,136.0
114.99761904761905,135.0
114.99761904761905,134.0
114.99761904761905,133.0
114.99761904761905,132.0
114.99761904761905,131.0
114.99761904761905,130.0
114.99761904761905,129.0
114.99761904761905,128.0
114.99761904761905,127.0
114.99761904761905,126.0
114.99761904761905,125.0
114.99761904761905,124.0
114.99761904761905,123.0
114.99761904761905,122.0
114.99761904761905,121.0
114.0,120.00238095238095
113.99761904761905,120.0
113.99761904761905,119.0
113.99761904761905,118.0
113.99761904761905,117.0
113.99761904761905,116.0
113.99761904761905,115.0
113.99761904761905,114.0
113.99761904761905,113.0
113.99761904761905,112.0
113.99761904761905,111.0
113.99761904761905,110.0
113.99761904761905,109.0
113.99761904761905,108.0
113.99761904761905,107.0
113.99761904761905,106.0
113.99761904761905,105.0
113.99761904761905,104.0
113.99761904761905,103.0
113.99761904761905,102.0
113.99761904761905,101.0
113.99761904761905,100.0
113.99761904761905,99.0
113.99761904761905,98.0
113.99761904761905,97.0
113.99761904761905,96.0
113.99761904761905,95.0
113.99761904761905,94.0
113.99761904761905,93.0
113.99761904761905,92.0
113.99761904761905,91.0
113.99761904761905,90.0
113.99761904761905,89.0
113.99761904761905,88.0
113.99761904761905,87.0
113.99761904761905,86.0
113.99761904761905,85.0
113.0,84.00238095238095
112.99761904761905,84.0
112.0,83.00238095238095
111.0,83.00238095238095
110.0,83.00238095238095
109.0,83.00238095238095
108.0,83.00238095238095
107.0,83.00238095238095
106.0,83.00238095238095
105.0,83.00238095238095
104.0,83.00238095238095
103.0,83.00238095238095
102.0,83.00238095238095
101.0,83.00238095238095
100.0,83.00238095238095
99.0,83.00238095238095
98.0,83.00238095238095
97.0,83.00238095238095
96.0,83.00238095238095
95.0,83.00238095238095
94.0,83.00238095238095
93.0,83.00238095238095
92.0,83.00238095238095
91.0,83.00238095238095
90.0,83.00238095238095
89.0,83.00238095238095
88.0,83.00238095238095
87.0,83.00238095238095
86.0,83.00238095238095
85.0,83.00238095238095
84.0,83.00238095238095
83.0,83.00238095238095
82.0,83.00238095238095
81.0,83.00238095238095
80.0,83.00238095238095
79.0,83.00238095238095
78.0,83.00238095238095
77.0,83.00238095238095
76.0,83.00238095238095
75.0,83.00238095238095
74.0,83.00238095238095
73.0,83.00238095238095
72.0,83.00238095238095
71.0,83.00238095238095
70.0,83.00238095238095
69.0,83.00238095238095
68.0,83.00238095238095
67.0,83.00238095238095
66.0,83.00238095238095
65.0,83.00238095238095
64.0,83.00238095238095
63.0,83.00238095238095
62.0,83.00238095238095
61.0,83.00238095238095
60.0,83.00238095238095
59.0,83.00238095238095
58.0,83.00238095238095
57.0,83.00238095238095
56.0,83.00238095238095
55.0,83.00238095238095
54.0,83.00238095238095
53.0,83.00238095238095
52.0,83.00238095238095
51.0,83.00238095238095
50.0,83.00238095238095
49.0,83.00238095238095
48.0,83.00238095238095
47.0,83.00238095238095
46.0,83.00238095238095
45.0,83.00238095238095
44.0,83.00238095238095
43.0,83.00238095238095
42.0,83.00238095238095
41.0,83.00238095238095
40.0,83.00238095238095
39.0,83.00238095238095
38.0,83.00238095238095
37.0,83.00238095238095
36.0,83.00238095238095
35.0,83.00238095238095
34.0,83.00238095238095
33.0,83.00238095238095
32.0,83.00238095238095
31.0,83.00238095238095
30.0,83.00238095238095
29.0,83.00238095238095
28.0,83.00238095238095
27.0,83.00238095238095
26.002380952380953,84.0
26.002380952380953,85.0
26.002380952380953,86.0
26.002380952380953,87.0
26.002380952380953,88.0
26.002380952380953,89.0
26.002380952380953,90.0
26.002380952380953,91.0
26.002380952380953,92.0
26.002380952380953,93.0
26.002380952380953,94.0
26.002380952380953,95.0
26.002380952380953,96.0
26.002380952380953,97.0
26.002380952380953,98.0
26.002380952380953,99.0
26.002380952380953,100.0
26.002380952380953,101.0
26.002380952380953,102.0
26.002380952380953,103.0
26.002380952380953,104.0
26.002380952380953,105.0
26.002380952380953,106.0
26.002380952380953,107.0
26.002380952380953,108.0
26.002380952380953,109.0
26.002380952380953,110.0
26.002380952380953,111.0
26.002380952380953,112.0
26.002380952380953,113.0
26.002380952380953,114.0
26.002380952380953,115.0
26.002380952380953,116.0
26.002380952380953,117.0
26.002380952380953,118.0
26.002380952380953,119.0
26.002380952380953,120.0
26.002380952380953,121.0
26.002380952380953,122.0
26.002380952380953,123.0
26.002380952380953,124.0
26.002380952380953,125.0
26.002380952380953,126.0
26.002380952380953,127.0
26.002380952380953,128.0
26.002380952380953,129.0
26.002380952380953,130.0
26.002380952380953,131.0
26.002380952380953,132.0
26.002380952380953,133.0
26.002380952380953,134.0
26.002380952380953,135.0
26.002380952380953,136.0
26.002380952380953,137.0
26.002380952380953,138.0
26.002380952380953,139.0
26.002380952380953,140.0
26.002380952380953,141.0
26.002380952380953,142.0
26.002380952380953,143.0
26.002380952380953,144.0
26.002380952380953,145.0
26.002380952380953,146.0
26.002380952380953,147.0
26.002380952380953,148.0
26.002380952380953,149.0
26.002380952380953,150.0
26.002380952380953,151.0
26.002380952380953,152.0
26.002380952380953,153.0
26.002380952380953,154.0
26.002380952380953,155.0
26.002380952380953,156.0
26.002380952380953,157.0
26.002380952380953,158.0
26.002380952380953,159.0
26.002380952380953,160.0
26.002380952380953,161.0
26.002380952380953,162.0
26.002380952380953,163.0
26.002380952380953,164.0
26.002380952380953,165.0
26.002380952380953,166.0
26.002380952380953,167.0
26.002380952380953,168.0
26.002380952380953,169.0
26.002380952380953,170.0
26.002380952380953,171.0
26.002380952380953,172.0
26.002380952380953,173.0
26.002380952380953,174.0
26.002380952380953,175.0
26.002380952380953,176.0
26.002380952380953,177.0
26.002380952380953,178.0
26.002380952380953,179.0
26.002380952380953,180.0
26.002380952380953,181.0
26.002380952380953,182.0
26.002380952380953,183.0
26.002380952380953,184.0
27.0,184.99761904761905
27.002380952380953,185.0
27.002380952380953,186.0
27.002380952380953,187.0
27.002380952380953,188.0
27.002380952380953,189.0
27.002380952380953,190.0
27.002380952380953,191.0
27.002380952380953,192.0
27.002380952380953,193.0
27.002380952380953,194.0
27.002380952380953,195.0
27.002380952380953,196.0
27.002380952380953,197.0
27.002380952380953,198.0
27.002380952380953,199.0
27.002380952380953,200.0
27.002380952380953,201.0
27.002380952380953,202.0
27.002380952380953,203.0
27.002380952380953,204.0
27.002380952380953,205.0
27.002380952380953,206.0
27.002380952380953,207.0
27.002380952380953,208.0
27.002380952380953,209.0
27.002380952380953,210.0
27.002380952380953,211.0
27.002380952380953,212.0
27.002380952380953,213.0
28.0,213.99761904761905
28.002380952380953,214.0
28.002380952380953,215.0
28.002380952380953,216.0
28.002380952380953,217.0
28.002380952380953,218.0
28.002380952380953,219.0
28.002380952380953,220.0
28.002380952380953,221.0
28.002380952380953,222.0
28.002380952380953,223.0
28.002380952380953,224.0
28.002380952380953,225.0
28.002380952380953,226.0
28.002380952380953,227.0
28.002380952380953,228.0
28.002380952380953,229.0
28.002380952380953,230.0
28.002380952380953,231.0
28.002380952380953,232.0
28.002380952380953,233.0
28.002380952380953,234.0
28.002380952380953,235.0
28.002380952380953,236.0
28.002380952380953,237.0
28.002380952380953,238.0
28.002380952380953,239.0
28.002380952380953,240.0
28.002380952380953,241.0
28.002380952380953,242.0
28.002380952380953,243.0
28.002380952380953,244.0
28.002380952380953,245.0
28.002380952380953,246.0
28.002380952380953,247.0
28.002380952380953,248.0
28.002380952380953,249.0
28.002380952380953,250.0
28.002380952380953,251.0
28.002380952380953,252.0
28.002380952380953,253.0
28.002380952380953,254.0
28.002380952380953,255.0
28.002380952380953,256.0
28.002380952380953,257.0
28.002380952380953,258.0
28.002380952380953,259.0
28.002380952380953,260.0
28.002380952380953,261.0
28.002380952380953,262.0
28.002380952380953,263.0
28.002380952380953,264.0
28.002380952380953,265.0
28.002380952380953,266.0
28.002380952380953,267.0
28.002380952380953,268.0
28.002380952380953,269.0
28.002380952380953,270.0
28.002380952380953,271.0
28.002380952380953,272.0
28.002380952380953,273.0
28.002380952380953,274.0
28.002380952380953,275.0
28.002380952380953,276.0
28.002380952380953,277.0
28.002380952380953,278.0
28.002380952380953,279.0
28.002380952380953,280.0
28.002380952380953,281.0
28.002380952380953,282.0
28.002380952380953,283.0
28.002380952380953,284.0
28.002380952380953,285.0
28.002380952380953,286.0
28.002380952380953,287.0
28.002380952380953,288.0
28.002380952380953,289.0
28.002380952380953,290.0
28.002380952380953,291.0
28.002380952380953,292.0
28.002380952380953,293.0
28.002380952380953,294.0
28.002380952380953,295.0
28.002380952380953,296.0
28.002380952380953,297.0
28.002380952380953,298.0
28.002380952380953,299.0
28.002380952380953,300.0
28.002380952380953,301.0
28.002380952380953,302.0
28.002380952380953,303.0
28.002380952380953,304.0
28.002380952380953,305.0
28.002380952380953,306.0
28.002380952380953,307.0
28.002380952380953,308.0
28.002380952380953,309.0
28.002380952380953,310.0
28.002380952380953,311.0
28.002380952380953,312.0
28.002380952380953,313.0
28.002380952380953,314.0
28.002380952380953,315.0
28.002380952380953,316.0
28.002380952380953,317.0
28.002380952380953,318.0
28.002380952380953,319.0
28.002380952380953,320.0
28.002380952380953,321.0
28.002380952380953,322.0
28.002380952380953,323.0
28.002380952380953,324.0
28.002380952380953,325.0
28.002380952380953,326.0
29.0,326.997619047619
29.002380952380953,327.0
29.002380952380953,328.0
29.002380952380953,329.0
29.002380952380953,330.0
29.002380952380953,331.0
29.002380952380953,332.0
29.002380952380953,333.0
29.002380952380953,334.0
29.002380952380953,335.0
29.002380952380953,336.0
29.002380952380953,337.0
29.002380952380953,338.0
29.002380952380953,339.0
29.002380952380953,340.0
29.002380952380953,341.0
29.002380952380953,342.0
29.0,342.002380952381
28.002380952380953,343.0
28.002380952380953,344.0
28.002380952380953,345.0
28.002380952380953,346.0
28.002380952380953,347.0
28.002380952380953,348.0
28.002380952380953,349.0
28.002380952380953,350.0
28.002380952380953,351.0
28.002380952380953,352.0
28.002380952380953,353.0
28.002380952380953,354.0
28.002380952380953,355.0
28.002380952380953,356.0
28.002380952380953,357.0
28.002380952380953,358.0
28.002380952380953,359.0
28.002380952380953,360.0
28.002380952380953,361.0
28.002380952380953,362.0
28.002380952380953,363.0
28.002380952380953,364.0
28.002380952380953,365.0
28.002380952380953,366.0
28.002380952380953,367.0
28.002380952380953,368.0
28.002380952380953,369.0
28.002380952380953,370.0
28.002380952380953,371.0
28.002380952380953,372.0
28.002380952380953,373.0
28.002380952380953,374.0
28.002380952380953,375.0
28.002380952380953,376.0
28.002380952380953,377.0
28.002380952380953,378.0
28.002380952380953,379.0
28.002380952380953,380.0
28.002380952380953,381.0
28.002380952380953,382.0
28.002380952380953,383.0
28.002380952380953,384.0
29.0,384.997619047619
29.002380952380953,385.0
29.002380952380953,386.0
29.002380952380953,387.0
29.002380952380953,388.0
29.002380952380953,389.0
29.002380952380953,390.0
29.002380952380953,391.0
29.002380952380953,392.0
29.002380952380953,393.0
29.002380952380953,394.0
29.002380952380953,395.0
29.002380952380953,396.0
29.002380952380953,397.0
29.002380952380953,398.0
29.002380952380953,399.0
29.002380952380953,400.0
29.002380952380953,401.0
29.002380952380953,402.0
29.002380952380953,403.0
29.002380952380953,404.0
30.0,404.997619047619
30.002380952380953,405.0
30.002380952380953,406.0
30.002380952380953,407.0
30.002380952380953,408.0
30.002380952380953,409.0
30.002380952380953,410.0
30.002380952380953,411.0
30.002380952380953,412.0
30.002380952380953,413.0
30.002380952380953,414.0
30.002380952380953,415.0
30.002380952380953,416.0
30.002380952380953,417.0
30.002380952380953,418.0
30.002380952380953,419.0
30.002380952380953,420.0
30.002380952380953,421.0
30.002380952380953,422.0
30.002380952380953,423.0
30.002380952380953,424.0
30.002380952380953,425.0
30.002380952380953,426.0
30.002380952380953,427.0
30.002380952380953,428.0
30.002380952380953,429.0
30.002380952380953,430.0
30.002380952380953,431.0
30.002380952380953,432.0
31.0,432.997619047619
31.002380952380953,433.0
31.002380952380953,434.0
31.002380952380953,435.0
31.002380952380953,436.0
31.002380952380953,437.0
31.002380952380953,438.0
31.002380952380953,439.0
31.002380952380953,440.0
31.002380952380953,441.0
31.002380952380953,442.0
31.002380952380953,443.0
31.002380952380953,444.0
31.002380952380953,445.0
31.002380952380953,446.0
31.002380952380953,447.0
31.002380952380953,448.0
31.002380952380953,449.0
31.002380952380953,450.0
31.002380952380953,451.0
31.002380952380953,452.0
31.002380952380953,453.0
31.002380952380953,454.0
31.002380952380953,455.0
31.002380952380953,456.0
31.002380952380953,457.0
31.002380952380953,458.0
31.002380952380953,459.0
31.002380952380953,460.0
31.002380952380953,461.0
31.002380952380953,462.0
31.002380952380953,463.0
31.002380952380953,464.0
31.002380952380953,465.0
31.002380952380953,466.0
31.002380952380953,467.0
31.002380952380953,468.0
31.002380952380953,469.0
31.002380952380953,470.0
31.002380952380953,471.0
31.002380952380953,472.0
31.002380952380953,473.0
31.002380952380953,474.0
31.002380952380953,475.0
31.002380952380953,476.0
31.002380952380953,477.0
31.002380952380953,478.0
31.002380952380953,479.0
31.002380952380953,480.0
31.002380952380953,481.0
31.002380952380953,482.0
31.002380952380953,483.0
31.002380952380953,484.0
31.002380952380953,485.0
31.002380952380953,486.0
31.002380952380953,487.0
31.002380952380953,488.0
31.002380952380953,489.0
31.002380952380953,490.0
31.002380952380953,491.0
31.002380952380953,492.0
31.002380952380953,493.0
31.002380952380953,494.0
31.002380952380953,495.0
31.002380952380953,496.0
31.002380952380953,497.0
31.002380952380953,498.0
31.002380952380953,499.0
31.002380952380953,500.0
31.002380952380953,501.0
31.002380952380953,502.0
31.002380952380953,503.0
31.002380952380953,504.0
31.002380952380953,505.0
31.002380952380953,506.0
31.002380952380953,507.0
31.002380952380953,508.0
31.002380952380953,509.0
31.002380952380953,510.0
31.002380952380953,511.0
31.002380952380953,512.0
31.002380952380953,513.0
31.002380952380953,514.0
31.002380952380953,515.0
31.002380952380953,516.0
31.002380952380953,517.0
31.002380952380953,518.0
31.002380952380953,519.0
31.002380952380953,520.0
31.002380952380953,521.0
31.002380952380953,522.0
31.002380952380953,523.0
31.002380952380953,524.0
31.002380952380953,525.0
31.002380952380953,526.0
31.002380952380953,527.0
31.002380952380953,528.0
31.002380952380953,529.0
31.002380952380953,530.0
31.002380952380953,531.0
31.002380952380953,532.0
31.002380952380953,533.0
31.002380952380953,534.0
31.002380952380953,535.0
31.002380952380953,536.0
31.002380952380953,537.0
31.002380952380953,538.0
31.002380952380953,539.0
31.002380952380953,540.0
31.002380952380953,541.0
31.002380952380953,542.0
31.002380952380953,543.0
31.002380952380953,544.0
31.002380952380953,545.0
31.002380952380953,546.0
31.002380952380953,547.0
31.002380952380953,548.0
31.002380952380953,549.0
31.002380952380953,550.0
31.002380952380953,551.0
31.002380952380953,552.0
31.002380952380953,553.0
31.002380952380953,554.0
31.002380952380953,555.0
31.0,555.0023809523809
30.002380952380953,556.0
30.002380952380953,557.0
30.002380952380953,558.0
30.002380952380953,559.0
30.002380952380953,560.0
30.002380952380953,561.0
30.002380952380953,562.0
30.002380952380953,563.0
30.002380952380953,564.0
30.002380952380953,565.0
30.002380952380953,566.0
30.002380952380953,567.0
30.002380952380953,568.0
30.002380952380953,569.0
30.002380952380953,570.0
30.002380952380953,571.0
30.002380952380953,572.0
30.002380952380953,573.0
30.002380952380953,574.0
30.002380952380953,575.0
30.002380952380953,576.0
30.002380952380953,577.0
30.002380952380953,578.0
30.002380952380953,579.0
30.002380952380953,580.0
30.002380952380953,581.0
30.002380952380953,582.0
30.002380952380953,583.0
30.002380952380953,584.0
30.002380952380953,585.0
30.002380952380953,586.0
30.002380952380953,587.0
30.002380952380953,588.0
30.002380952380953,589.0
30.002380952380953,590.0
30.002380952380953,591.0
30.002380952380953,592.0
30.002380952380953,593.0
30.002380952380953,594.0
30.002380952380953,595.0
31.0,595.9976190476191
32.0,595.9976190476191
33.0,595.9976190476191
34.0,595.9976190476191
35.0,595.9976190476191
36.0,595.9976190476191
37.0,595.9976190476191
38.0,595.9976190476191
39.0,595.9976190476191
40.0,595.9976190476191
41.0,595.9976190476191
42.0,595.9976190476191
43.0,595.9976190476191
44.0,595.9976190476191
45.0,595.9976190476191
46.0,595.9976190476191
47.0,595.9976190476191
48.0,595.9976190476191
49.0,595.9976190476191
50.0,595.9976190476191
51.0,595.9976190476191
52.0,595.9976190476191
53.0,595.9976190476191
54.0,595.9976190476191
55.0,595.9976190476191
56.0,595.9976190476191
57.0,595.9976190476191
58.0,595.9976190476191
59.0,595.9976190476191
60.0,595.9976190476191
61.0,595.9976190476191
62.0,595.9976190476191
63.0,595.9976190476191
64.0,595.9976190476191
65.0,595.9976190476191
66.0,595.9976190476191
67.0,595.9976190476191
68.0,595.9976190476191
69.0,595.9976190476191
70.0,595.9976190476191
71.0,595.9976190476191
72.0,595.9976190476191
73.0,595.9976190476191
74.0,595.9976190476191
75.0,595.9976190476191
76.0,595.9976190476191
77.0,595.9976190476191
78.0,595.9976190476191
79.0,595.9976190476191
80.0,595.9976190476191
81.0,595.9976190476191
82.0,595.9976190476191
83.0,595.9976190476191
84.0,595.9976190476191
85.0,595.9976190476191
86.0,595.9976190476191
87.0,595.9976190476191
88.0,595.9976190476191
89.0,595.9976190476191
90.0,595.9976190476191
91.0,595.9976190476191
92.0,595.9976190476191
93.0,595.9976190476191
94.0,595.9976190476191
95.0,595.9976190476191
95.99761904761905,595.0
96.0,594.9976190476191
97.0,594.9976190476191
98.0,594.9976190476191
99.0,594.9976190476191
100.0,594.9976190476191
101.0,594.9976190476191
102.0,594.9976190476191
103.0,594.9976190476191
104.0,594.9976190476191
105.0,594.9976190476191
106.0,594.9976190476191
107.0,594.9976190476191
108.0,594.9976190476191
109.0,594.9976190476191
110.0,594.9976190476191
111.0,594.9976190476191
112.0,594.9976190476191
113.0,594.9976190476191
114.0,594.9976190476191
115.0,594.9976190476191
116.0,594.9976190476191
117.0,594.9976190476191
118.0,594.9976190476191
119.0,594.9976190476191
120.0,594.9976190476191
121.0,594.9976190476191
122.0,594.9976190476191
123.0,594.9976190476191
124.0,594.9976190476191
125.0,594.9976190476191
126.0,594.9976190476191
127.0,594.9976190476191
128.0,594.9976190476191
129.0,594.9976190476191
129.99761904761905,594.0
130.0,593.9976190476191
131.0,593.9976190476191
132.0,593.9976190476191
133.0,593.9976190476191
134.0,593.9976190476191
135.0,593.9976190476191
136.0,593.9976190476191
137.0,593.9976190476191
138.0,593.9976190476191
139.0,593.9976190476191
140.0,593.9976190476191
141.0,593.9976190476191
142.0,593.9976190476191
142.00238095238095,594.0
143.0,594.9976190476191
144.0,594.9976190476191
145.0,594.9976190476191
146.0,594.9976190476191
147.0,594.9976190476191
148.0,594.9976190476191
149.0,594.9976190476191
150.0,594.9976190476191
151.0,594.9976190476191
152.0,594.9976190476191
153.0,594.9976190476191
154.0,594.9976190476191
155.0,594.9976190476191
156.0,594.9976190476191
157.0,594.9976190476191
158.0,594.9976190476191
159.0,594.9976190476191
160.0,594.9976190476191
161.0,594.9976190476191
162.0,594.9976190476191
163.0,594.9976190476191
164.0,594.9976190476191
165.0,594.9976190476191
166.0,594.9976190476191
167.0,594.9976190476191
168.0,594.9976190476191
169.0,594.9976190476191
170.0,594.9976190476191
171.0,594.9976190476191
172.0,594.9976190476191
173.0,594.9976190476191
174.0,594.9976190476191
175.0,594.9976190476191
176.0,594.9976190476191
177.0,594.9976190476191
178.0,594.9976190476191
179.0,594.9976190476191
180.0,594.9976190476191
181.0,594.9976190476191
182.0,594.9976190476191
183.0,594.9976190476191
184.0,594.9976190476191
185.0,594.9976190476191
185.00238095238095,595.0
186.0,595.9976190476191
187.0,595.9976190476191
188.0,595.9976190476191
189.0,595.9976190476191
190.0,595.9976190476191
191.0,595.9976190476191
192.0,595.9976190476191
193.0,595.9976190476191
194.0,595.9976190476191
195.0,595.9976190476191
196.0,595.9976190476191
197.0,595.9976190476191
198.0,595.9976190476191
199.0,595.9976190476191
200.0,595.9976190476191
201.0,595.9976190476191
202.0,595.9976190476191
203.0,595.9976190476191
204.0,595.9976190476191
205.0,595.9976190476191
206.0,595.9976190476191
207.0,595.9976190476191
208.0,595.9976190476191
209.0,595.9976190476191
210.0,595.9976190476191
211.0,595.9976190476191
212.0,595.9976190476191
213.0,595.9976190476191
214.0,595.9976190476191
215.0,595.9976190476191
216.0,595.9976190476191
217.0,595.9976190476191
218.0,595.9976190476191
219.0,595.9976190476191
220.0,595.9976190476191
221.0,595.9976190476191
222.0,595.9976190476191
223.0,595.9976190476191
224.0,595.9976190476191
225.0,595.9976190476191
226.0,595.9976190476191
227.0,595.9976190476191
228.0,595.9976190476191
229.0,595.9976190476191
230.0,595.9976190476191
231.0,595.9976190476191
232.0,595.9976190476191
233.0,595.9976190476191
234.0,595.9976190476191
235.0,595.9976190476191
236.0,595.9976190476191
237.0,595.9976190476191
238.0,595.9976190476191
239.0,595.9976190476191
240.0,595.9976190476191
241.0,595.9976190476191
242.0,595.9976190476191
243.0,595.9976190476191
244.0,595.9976190476191
245.0,595.9976190476191
246.0,595.9976190476191
247.0,595.9976190476191
248.0,595.9976190476191
249.0,595.9976190476191
250.0,595.9976190476191
251.0,595.9976190476191
251.99761904761905,595.0
252.0,594.9976190476191
252.99761904761905,594.0
887.9976190476191,576.0
887.9976190476191,575.0
887.9976190476191,574.0
887.9976190476191,573.0
887.9976190476191,572.0
887.9976190476191,571.0
887.9976190476191,570.0
887.9976190476191,569.0
887.9976190476191,568.0
887.9976190476191,567.0
887.9976190476191,566.0
887.9976190476191,565.0
887.9976190476191,564.0
887.9976190476191,563.0
887.9976190476191,562.0
887.9976190476191,561.0
887.9976190476191,560.0
887.9976190476191,559.0
887.9976190476191,558.0
887.9976190476191,557.0
887.9976190476191,556.0
887.9976190476191,555.0
887.9976190476191,554.0
887.9976190476191,553.0
887.9976190476191,552.0
887.9976190476191,551.0
887.9976190476191,550.0
887.9976190476191,549.0
887.9976190476191,548.0
887.9976190476191,547.0
887.9976190476191,546.0
887.9976190476191,545.0
887.9976190476191,544.0
887.9976190476191,543.0
887.9976190476191,542.0
887.9976190476191,541.0
887.9976190476191,540.0
887.9976190476191,539.0
887.9976190476191,538.0
887.9976190476191,537.0
887.9976190476191,536.0
887.9976190476191,535.0
887.9976190476191,534.0
887.9976190476191,533.0
887.9976190476191,532.0
887.9976190476191,531.0
887.9976190476191,530.0
887.9976190476191,529.0
887.9976190476191,528.0
887.9976190476191,527.0
887.9976190476191,526.0
887.9976190476191,525.0
887.9976190476191,524.0
887.9976190476191,523.0
887.9976190476191,522.0
887.9976190476191,521.0
887.9976190476191,520.0
887.9976190476191,519.0
887.9976190476191,518.0
887.9976190476191,517.0
887.9976190476191,516.0
887.9976190476191,515.0
887.9976190476191,514.0
887.9976190476191,513.0
887.9976190476191,512.0
887.9976190476191,511.0
887.9976190476191,510.0
887.9976190476191,509.0
887.9976190476191,508.0
887.9976190476191,507.0
887.9976190476191,506.0
887.9976190476191,505.0
887.9976190476191,504.0
887.9976190476191,503.0
887.9976190476191,502.0
887.9976190476191,501.0
887.9976190476191,500.0
887.9976190476191,499.0
887.9976190476191,498.0
887.9976190476191,497.0
887.9976190476191,496.0
887.9976190476191,495.0
887.9976190476191,494.0
887.9976190476191,493.0
887.9976190476191,492.0
887.9976190476191,491.0
887.9976190476191,490.0
887.9976190476191,489.0
887.9976190476191,488.0
887.9976190476191,487.0
887.9976190476191,486.0
887.9976190476191,485.0
887.0,484.002380952381
886.9976190476191,484.0
886.9976190476191,483.0
886.9976190476191,482.0
886.9976190476191,481.0
886.9976190476191,480.0
886.9976190476191,479.0
886.9976190476191,478.0
886.9976190476191,477.0
886.9976190476191,476.0
886.9976190476191,475.0
886.9976190476191,474.0
886.9976190476191,473.0
886.9976190476191,472.0
886.9976190476191,471.0
886.9976190476191,470.0
886.9976190476191,469.0
886.9976190476191,468.0
886.9976190476191,467.0
886.9976190476191,466.0
886.9976190476191,465.0
886.9976190476191,464.0
886.9976190476191,463.0
886.9976190476191,462.0
886.9976190476191,461.0
886.9976190476191,460.0
886.9976190476191,459.0
886.9976190476191,458.0
886.9976190476191,457.0
886.9976190476191,456.0
886.9976190476191,455.0
886.9976190476191,454.0
886.9976190476191,453.0
886.9976190476191,452.0
886.9976190476191,451.0
886.9976190476191,450.0
886.9976190476191,449.0
886.9976190476191,448.0
887.0,447.997619047619
887.9976190476191,447.0
887.9976190476191,446.0
887.9976190476191,445.0
887.9976190476191,444.0
887.9976190476191,443.0
887.9976190476191,442.0
887.9976190476191,441.0
887.9976190476191,440.0
887.9976190476191,439.0
887.9976190476191,438.0
887.9976190476191,437.0
887.9976190476191,436.0
887.9976190476191,435.0
887.9976190476191,434.0
887.9976190476191,433.0
887.9976190476191,432.0
887.9976190476191,431.0
887.9976190476191,430.0
887.9976190476191,429.0
887.9976190476191,428.0
887.9976190476191,427.0
887.9976190476191,426.0
887.9976190476191,425.0
887.9976190476191,424.0
887.9976190476191,423.0
887.9976190476191,422.0
887.9976190476191,421.0
887.9976190476191,420.0
887.9976190476191,419.0
887.9976190476191,418.0
887.9976190476191,417.0
887.9976190476191,416.0
887.9976190476191,415.0
887.9976190476191,414.0
887.9976190476191,413.0
887.9976190476191,412.0
887.9976190476191,411.0
887.9976190476191,410.0
887.9976190476191,409.0
887.9976190476191,408.0
887.9976190476191,407.0
887.9976190476191,406.0
887.9976190476191,405.0
887.9976190476191,404.0
887.9976190476191,403.0
887.9976190476191,402.0
887.0,401.002380952381
886.0,401.002380952381
885.0,401.002380952381
884.0,401.002380952381
883.0,401.002380952381
882.0,401.002380952381
881.0,401.002380952381
880.0,401.002380952381
879.0,401.002380952381
878.0,401.002380952381
877.0,401.002380952381
876.0,401.002380952381
875.0,401.002380952381
874.0,401.002380952381
873.0,401.002380952381
872.0,401.002380952381
871.0,401.002380952381
870.0,401.002380952381
869.0,401.002380952381
868.0,401.002380952381
867.0,401.002380952381
866.0,401.002380952381
865.0,401.002380952381
864.0,401.002380952381
863.0,401.002380952381
862.0,401.002380952381
861.0,401.002380952381
860.0,401.002380952381
859.0,401.002380952381
858.0,401.002380952381
857.0,401.002380952381
856.0,401.002380952381
855.0,401.002380952381
854.0,401.002380952381
853.0,401.002380952381
852.0,401.002380952381
851.0,401.002380952381
850.0,401.002380952381
849.0,401.002380952381
848.0,401.002380952381
847.0,401.002380952381
846.0,401.002380952381
845.0,401.002380952381
844.0,401.002380952381
843.0,401.002380952381
842.0,401.002380952381
841.0,401.002380952381
840.0,401.002380952381
839.0,401.002380952381
838.0,401.002380952381
837.0,401.002380952381
836.0,401.002380952381
835.0,401.002380952381
834.0,401.002380952381
833.0,401.002380952381
832.0,401.002380952381
831.0,401.002380952381
830.0,401.002380952381
829.0,401.002380952381
828.0,401.002380952381
827.0,401.002380952381
826.0,401.002380952381
825.0,401.002380952381
824.0,401.002380952381
823.0,401.002380952381
822.0,401.002380952381
821.0,401.002380952381
820.9976190476191,401.0
820.0,400.002380952381
819.0,400.002380952381
818.0,400.002380952381
817.0,400.002380952381
816.0,400.002380952381
815.0,400.002380952381
814.0,400.002380952381
813.0,400.002380952381
812.0,400.002380952381
811.0,400.002380952381
810.0,400.002380952381
809.0,400.002380952381
808.0,400.002380952381
807.0,400.002380952381
806.0,400.002380952381
805.0,400.002380952381
804.0,400.002380952381
803.0,400.002380952381
802.0,400.002380952381
801.0,400.002380952381
800.0,400.002380952381
799.0,400.002380952381
798.0,400.002380952381
797.0,400.002380952381
796.0,400.002380952381
795.0,400.002380952381
794.0,400.002380952381
793.0,400.002380952381
792.0,400.002380952381
791.0,400.002380952381
790.0,400.002380952381
789.0,400.002380952381
788.0,400.002380952381
787.0,400.002380952381
786.0,400.002380952381
785.0,400.002380952381
784.0,400.002380952381
783.0,400.002380952381
782.0,400.002380952381
781.0,400.002380952381
780.0,400.002380952381
779.0,400.002380952381
778.0,400.002380952381
777.0,400.002380952381
776.0,400.002380952381
775.9976190476191,400.0
775.0,399.002380952381
774.0,399.002380952381
773.0,399.002380952381
772.0,399.002380952381
771.0,399.002380952381
770.0,399.002380952381
769.0,399.002380952381
768.0,399.002380952381
767.0,399.002380952381
766.0,399.002380952381
765.0,399.002380952381
764.0,399.002380952381
763.0,399.002380952381
762.0,399.002380952381
761.0,399.002380952381
760.0,399.002380952381
759.0,399.002380952381
758.0,399.002380952381
757.0,399.002380952381
756.0,399.002380952381
755.0,399.002380952381
754.0,399.002380952381
753.0,399.002380952381
752.0,399.002380952381
751.0,399.002380952381
750.0,399.002380952381
749.9976190476191,399.0
749.0,398.002380952381
748.0,398.002380952381
747.0,398.002380952381
746.0,398.002380952381
745.0,398.002380952381
744.0,398.002380952381
743.0,398.002380952381
742.0,398.002380952381
741.0,398.002380952381
740.0,398.002380952381
739.0,398.002380952381
738.0,398.002380952381
737.0,398.002380952381
736.0,398.002380952381
735.0,398.002380952381
734.0,398.002380952381
733.0,398.002380952381
732.0,398.002380952381
731.0,398.002380952381
730.0,398.002380952381
729.0,398.002380952381
728.0,398.002380952381
727.0,398.002380952381
726.0,398.002380952381
725.0,398.002380952381
724.0,398.002380952381
723.0,398.002380952381
722.0,398.002380952381
721.0,398.002380952381
720.0,398.002380952381
719.0,398.002380952381
718.0,398.002380952381
717.0,398.002380952381
716.0,398.002380952381
715.0,398.002380952381
714.0,398.002380952381
713.0,398.002380952381
712.0,398.002380952381
711.0,398.002380952381
710.0,398.002380952381
709.0,398.002380952381
708.0,398.002380952381
707.0,398.002380952381
706.0,398.002380952381
705.0,398.002380952381
704.0,398.002380952381
703.0,398.002380952381
702.0,398.002380952381
701.0,398.002380952381
700.0,398.002380952381
699.0,398.002380952381
698.0,398.002380952381
697.0,398.002380952381
696.0,398.002380952381
695.0,398.002380952381
694.0,398.002380952381
693.0,398.002380952381
692.0,398.002380952381
691.0,398.002380952381
690.0,398.002380952381
689.0,398.002380952381
688.0,398.002380952381
687.0,398.002380952381
686.0,398.002380952381
685.0,398.002380952381
684.0,398.002380952381
683.0,398.002380952381
682.0023809523809,399.0
682.0023809523809,400.0
682.0023809523809,401.0
682.0023809523809,402.0
682.0023809523809,403.0
682.0023809523809,404.0
682.0023809523809,405.0
682.0023809523809,406.0
682.0023809523809,407.0
682.0023809523809,408.0
682.0023809523809,409.0
682.0023809523809,410.0
682.0023809523809,411.0
682.0023809523809,412.0
682.0023809523809,413.0
682.0023809523809,414.0
682.0023809523809,415.0
682.0023809523809,416.0
682.0023809523809,417.0
682.0023809523809,418.0
682.0023809523809,419.0
682.0023809523809,420.0
682.0023809523809,421.0
682.0023809523809,422.0
682.0023809523809,423.0
682.0023809523809,424.0
682.0023809523809,425.0
682.0023809523809,426.0
682.0023809523809,427.0
682.0023809523809,428.0
682.0023809523809,429.0
682.0023809523809,430.0
682.0023809523809,431.0
682.0023809523809,432.0
682.0023809523809,433.0
682.0,433.002380952381
681.0023809523809,434.0
681.0023809523809,435.0
681.0023809523809,436.0
681.0023809523809,437.0
681.0023809523809,438.0
681.0023809523809,439.0
681.0023809523809,440.0
681.0023809523809,441.0
681.0023809523809,442.0
681.0,442.002380952381
680.0,442.002380952381
679.0,442.002380952381
678.0,442.002380952381
677.0,442.002380952381
676.0,442.002380952381
675.0,442.002380952381
674.0,442.002380952381
673.0,442.002380952381
672.0,442.002380952381
671.0,442.002380952381
670.0,442.002380952381
669.0023809523809,443.0
669.0,443.002380952381
668.0023809523809,444.0
668.0,444.002380952381
667.0,444.002380952381
666.0,444.002380952381
665.0,444.002380952381
664.0,444.002380952381
663.0,444.002380952381
662.0,444.002380952381
661.0,444.002380952381
660.0,444.002380952381
659.0,444.002380952381
658.0,444.002380952381
657.0,444.002380952381
656.0,444.002380952381
655.0,444.002380952381
654.0,444.002380952381
653.0,444.002380952381
652.0,444.002380952381
651.0,444.002380952381
650.0,444.002380952381
649.0,444.002380952381
648.0,444.002380952381
647.0,444.002380952381
646.0,444.002380952381
645.0023809523809,445.0
645.0,445.002380952381
644.0,445.002380952381
643.0,445.002380952381
642.0,445.002380952381
641.0,445.002380952381
640.0,445.002380952381
639.0,445.002380952381
638.0,445.002380952381
637.0,445.002380952381
636.0,445.002380952381
635.0,445.002380952381
634.0,445.002380952381
633.0,445.002380952381
632.0,445.002380952381
631.0,445.002380952381
630.0,445.002380952381
629.0,445.002380952381
628.0,445.002380952381
627.0,445.002380952381
626.0,445.002380952381
625.0,445.002380952381
624.0,445.002380952381
623.0,445.002380952381
622.0,445.002380952381
621.0,445.002380952381
620.0,445.002380952381
619.0,445.002380952381
618.0,445.002380952381
617.0,445.002380952381
616.0,445.002380952381
615.0,445.002380952381
614.0,445.002380952381
613.0,445.002380952381
612.0,445.002380952381
611.0023809523809,446.0
611.0,446.002380952381
610.0,446.002380952381
609.0,446.002380952381
608.0,446.002380952381
607.0,446.002380952381
606.0,446.002380952381
605.0,446.002380952381
604.0,446.002380952381
603.0,446.002380952381
602.0,446.002380952381
601.0,446.002380952381
600.0,446.002380952381
599.0,446.002380952381
598.0,446.002380952381
597.0,446.002380952381
596.0,446.002380952381
595.0,446.002380952381
594.0,446.002380952381
593.0,446.002380952381
592.0,446.002380952381
591.0,446.002380952381
590.0,446.002380952381
589.0,446.002380952381
588.0,446.002380952381
587.0,446.002380952381
586.0,446.002380952381
585.0,446.002380952381
584.0,446.002380952381
583.0,446.002380952381
582.0,446.002380952381
581.0,446.002380952381
580.0,446.002380952381
579.0,446.002380952381
578.0,446.002380952381
577.0,446.002380952381
576.0,446.002380952381
575.0,446.002380952381
574.0,446.002380952381
573.0,446.002380952381
572.0,446.002380952381
571.0,446.002380952381
570.0,446.002380952381
569.0,446.002380952381
568.0,446.002380952381
567.0,446.002380952381
566.0,446.002380952381
565.0,446.002380952381
564.0,446.002380952381
563.0,446.002380952381
562.0,446.002380952381
561.0,446.002380952381
560.0,446.002380952381
559.0,446.002380952381
558.0,446.002380952381
557.0,446.002380952381
556.0,446.002380952381
555.0,446.002380952381
554.0,446.002380952381
553.0,446.002380952381
552.0,446.002380952381
551.0,446.002380952381
550.0,446.002380952381
549.0,446.002380952381
548.0,446.002380952381
547.0,446.002380952381
546.0023809523809,447.0
546.0023809523809,448.0
546.0023809523809,449.0
546.0023809523809,450.0
546.0023809523809,451.0
546.0023809523809,452.0
546.0023809523809,453.0
546.0023809523809,454.0
546.0023809523809,455.0
546.0023809523809,456.0
546.0023809523809,457.0
546.0023809523809,458.0
546.0023809523809,459.0
546.0023809523809,460.0
546.0023809523809,461.0
546.0023809523809,462.0
546.0023809523809,463.0
546.0023809523809,464.0
546.0023809523809,465.0
546.0023809523809,466.0
546.0023809523809,467.0
546.0023809523809,468.0
546.0023809523809,469.0
546.0023809523809,470.0
546.0023809523809,471.0
546.0023809523809,472.0
546.0023809523809,473.0
546.0023809523809,474.0
546.0023809523809,475.0
546.0023809523809,476.0
546.0023809523809,477.0
546.0023809523809,478.0
546.0023809523809,479.0
546.0023809523809,480.0
546.0023809523809,481.0
546.0023809523809,482.0
546.0023809523809,483.0
546.0023809523809,484.0
546.0023809523809,485.0
546.0023809523809,486.0
546.0023809523809,487.0
546.0023809523809,488.0
546.0023809523809,489.0
546.0023809523809,490.0
546.0023809523809,491.0
546.0,491.002380952381
545.0023809523809,492.0
545.0023809523809,493.0
545.0023809523809,494.0
545.0023809523809,495.0
545.0023809523809,496.0
545.0023809523809,497.0
545.0023809523809,498.0
545.0023809523809,499.0
545.0023809523809,500.0
545.0023809523809,501.0
545.0023809523809,502.0
545.0023809523809,503.0
545.0023809523809,504.0
545.0023809523809,505.0
545.0023809523809,506.0
545.0023809523809,507.0
545.0023809523809,508.0
545.0023809523809,509.0
545.0023809523809,510.0
545.0023809523809,511.0
545.0023809523809,512.0
545.0023809523809,513.0
545.0023809523809,514.0
545.0023809523809,515.0
545.0023809523809,516.0
545.0023809523809,517.0
545.0023809523809,518.0
545.0023809523809,519.0
545.0023809523809,520.0
546.0,520.9976190476191
546.0023809523809,521.0
546.0023809523809,522.0
546.0023809523809,523.0
546.0023809523809,524.0
546.0023809523809,525.0
546.0023809523809,526.0
546.0023809523809,527.0
546.0023809523809,528.0
546.0023809523809,529.0
546.0023809523809,530.0
546.0023809523809,531.0
546.0023809523809,532.0
546.0023809523809,533.0
546.0023809523809,534.0
546.0023809523809,535.0
546.0023809523809,536.0
546.0,536.0023809523809
545.0023809523809,537.0
545.0023809523809,538.0
545.0023809523809,539.0
545.0023809523809,540.0
545.0023809523809,541.0
545.0023809523809,542.0
545.0023809523809,543.0
545.0023809523809,544.0
545.0023809523809,545.0
545.0023809523809,546.0
545.0023809523809,547.0
545.0023809523809,548.0
545.0023809523809,549.0
545.0023809523809,550.0
545.0023809523809,551.0
545.0023809523809,552.0
545.0023809523809,553.0
545.0,553.0023809523809
544.0023809523809,554.0
544.0023809523809,555.0
544.0023809523809,556.0
544.0023809523809,557.0
544.0023809523809,558.0
544.0023809523809,559.0
544.0023809523809,560.0
544.0023809523809,561.0
544.0023809523809,562.0
544.0023809523809,563.0
544.0023809523809,564.0
544.0023809523809,565.0
544.0023809523809,566.0
544.0023809523809,567.0
544.0023809523809,568.0
544.0023809523809,569.0
544.0023809523809,570.0
544.0023809523809,571.0
544.0023809523809,572.0
544.0023809523809,573.0
544.0023809523809,574.0
544.0023809523809,575.0
544.0023809523809,576.0
544.0023809523809,577.0
544.0023809523809,578.0
544.0023809523809,579.0
544.0023809523809,580.0
544.0023809523809,581.0
544.0023809523809,582.0
544.0023809523809,583.0
544.0023809523809,584.0
544.0023809523809,585.0
544.0023809523809,586.0
544.0023809523809,587.0
544.0023809523809,588.0
544.0023809523809,589.0
544.0023809523809,590.0
544.0023809523809,591.0
544.0023809523809,592.0
545.0,592.9976190476191
545.0023809523809,593.0
546.0,593.9976190476191
547.0,593.9976190476191
548.0,593.9976190476191
549.0,593.9976190476191
550.0,593.9976190476191
551.0,593.9976190476191
552.0,593.9976190476191
553.0,593.9976190476191
554.0,593.9976190476191
555.0,593.9976190476191
556.0,593.9976190476191
557.0,593.9976190476191
558.0,593.9976190476191
559.0,593.9976190476191
560.0,593.9976190476191
561.0,593.9976190476191
562.0,593.9976190476191
563.0,593.9976190476191
564.0,593.9976190476191
565.0,593.9976190476191
566.0,593.9976190476191
567.0,593.9976190476191
568.0,593.9976190476191
569.0,593.9976190476191
570.0,593.9976190476191
571.0,593.9976190476191
572.0,593.9976190476191
573.0,593.9976190476191
574.0,593.9976190476191
575.0,593.9976190476191
576.0,593.9976190476191
577.0,593.9976190476191
578.0,593.9976190476191
579.0,593.9976190476191
580.0,593.9976190476191
581.0,593.9976190476191
582.0,593.9976190476191
583.0,593.9976190476191
584.0,593.9976190476191
585.0,593.9976190476191
586.0,593.9976190476191
587.0,593.9976190476191
588.0,593.9976190476191
589.0,593.9976190476191
590.0,593.9976190476191
591.0,593.9976190476191
592.0,593.9976190476191
593.0,593.9976190476191
594.0,593.9976190476191
595.0,593.9976190476191
596.0,593.9976190476191
597.0,593.9976190476191
598.0,593.9976190476191
599.0,593.9976190476191
600.0,593.9976190476191
601.0,593.9976190476191
602.0,593.9976190476191
603.0,593.9976190476191
604.0,593.9976190476191
605.0,593.9976190476191
606.0,593.9976190476191
607.0,593.9976190476191
608.0,593.9976190476191
609.0,593.9976190476191
610.0,593.9976190476191
611.0,593.9976190476191
612.0,593.9976190476191
613.0,593.9976190476191
614.0,593.9976190476191
615.0,593.9976190476191
616.0,593.9976190476191
617.0,593.9976190476191
618.0,593.9976190476191
619.0,593.9976190476191
620.0,593.9976190476191
621.0,593.9976190476191
622.0,593.9976190476191
623.0,593.9976190476191
624.0,593.9976190476191
625.0,593.9976190476191
626.0,593.9976190476191
627.0,593.9976190476191
628.0,593.9976190476191
629.0,593.9976190476191
630.0,593.9976190476191
631.0,593.9976190476191
632.0,593.9976190476191
633.0,593.9976190476191
634.0,593.9976190476191
635.0,593.9976190476191
636.0,593.9976190476191
637.0,593.9976190476191
638.0,593.9976190476191
639.0,593.9976190476191
640.0,593.9976190476191
641.0,593.9976190476191
642.0,593.9976190476191
642.9976190476191,593.0
643.0,592.9976190476191
644.0,592.9976190476191
645.0,592.9976190476191
646.0,592.9976190476191
647.0,592.9976190476191
648.0,592.9976190476191
649.0,592.9976190476191
650.0,592.9976190476191
651.0,592.9976190476191
652.0,592.9976190476191
653.0,592.9976190476191
654.0,592.9976190476191
655.0,592.9976190476191
656.0,592.9976190476191
657.0,592.9976190476191
658.0,592.9976190476191
659.0,592.9976190476191
660.0,592.9976190476191
661.0,592.9976190476191
662.0,592.9976190476191
663.0,592.9976190476191
664.0,592.9976190476191
665.0,592.9976190476191
666.0,592.9976190476191
667.0,592.9976190476191
668.0,592.9976190476191
669.0,592.9976190476191
670.0,592.9976190476191
671.0,592.9976190476191
672.0,592.9976190476191
673.0,592.9976190476191
674.0,592.9976190476191
675.0,592.9976190476191
676.0,592.9976190476191
677.0,592.9976190476191
678.0,592.9976190476191
679.0,592.9976190476191
680.0,592.9976190476191
681.0,592.9976190476191
682.0,592.9976190476191
683.0,592.9976190476191
684.0,592.9976190476191
685.0,592.9976190476191
686.0,592.9976190476191
687.0,592.9976190476191
688.0,592.9976190476191
689.0,592.9976190476191
690.0,592.9976190476191
691.0,592.9976190476191
692.0,592.9976190476191
693.0,592.9976190476191
694.0,592.9976190476191
695.0,592.9976190476191
696.0,592.9976190476191
697.0,592.9976190476191
698.0,592.9976190476191
699.0,592.9976190476191
700.0,592.9976190476191
701.0,592.9976190476191
702.0,592.9976190476191
703.0,592.9976190476191
704.0,592.9976190476191
705.0,592.9976190476191
706.0,592.9976190476191
707.0,592.9976190476191
708.0,592.9976190476191
709.0,592.9976190476191
710.0,592.9976190476191
711.0,592.9976190476191
712.0,592.9976190476191
713.0,592.9976190476191
714.0,592.9976190476191
715.0,592.9976190476191
716.0,592.9976190476191
717.0,592.9976190476191
718.0,592.9976190476191
719.0,592.9976190476191
720.0,592.9976190476191
721.0,592.9976190476191
722.0,592.9976190476191
723.0,592.9976190476191
724.0,592.9976190476191
725.0,592.9976190476191
726.0,592.9976190476191
727.0,592.9976190476191
728.0,592.9976190476191
729.0,592.9976190476191
730.0,592.9976190476191
731.0,592.9976190476191
732.0,592.9976190476191
733.0,592.9976190476191
734.0,592.9976190476191
735.0,592.9976190476191
736.0,592.9976190476191
737.0,592.9976190476191
738.0,592.9976190476191
739.0,592.9976190476191
740.0,592.9976190476191
741.0,592.9976190476191
742.0,592.9976190476191
743.0,592.9976190476191
744.0,592.9976190476191
745.0,592.9976190476191
746.0,592.9976190476191
747.0,592.9976190476191
748.0,592.9976190476191
749.0,592.9976190476191
750.0,592.9976190476191
751.0,592.9976190476191
752.0,592.9976190476191
753.0,592.9976190476191
753.0023809523809,593.0
754.0,593.9976190476191
755.0,593.9976190476191
756.0,593.9976190476191
757.0,593.9976190476191
758.0,593.9976190476191
759.0,593.9976190476191
760.0,593.9976190476191
761.0,593.9976190476191
762.0,593.9976190476191
763.0,593.9976190476191
764.0,593.9976190476191
765.0,593.9976190476191
766.0,593.9976190476191
767.0,593.9976190476191
768.0,593.9976190476191
769.0,593.9976190476191
770.0,593.9976190476191
771.0,593.9976190476191
772.0,593.9976190476191
773.0,593.9976190476191
774.0,593.9976190476191
775.0,593.9976190476191
776.0,593.9976190476191
777.0,593.9976190476191
778.0,593.9976190476191
779.0,593.9976190476191
780.0,593.9976190476191
781.0,593.9976190476191
782.0,593.9976190476191
783.0,593.9976190476191
784.0,593.9976190476191
785.0,593.9976190476191
786.0,593.9976190476191
787.0,593.9976190476191
788.0,593.9976190476191
789.0,593.9976190476191
790.0,593.9976190476191
790.0023809523809,594.0
791.0,594.9976190476191
792.0,594.9976190476191
793.0,594.9976190476191
794.0,594.9976190476191
795.0,594.9976190476191
796.0,594.9976190476191
797.0,594.9976190476191
798.0,594.9976190476191
799.0,594.9976190476191
800.0,594.9976190476191
801.0,594.9976190476191
802.0,594.9976190476191
803.0,594.9976190476191
804.0,594.9976190476191
805.0,594.9976190476191
806.0,594.9976190476191
807.0,594.9976190476191
808.0,594.9976190476191
809.0,594.9976190476191
810.0,594.9976190476191
811.0,594.9976190476191
812.0,594.9976190476191
813.0,594.9976190476191
814.0,594.9976190476191
815.0,594.9976190476191
816.0,594.9976190476191
817.0,594.9976190476191
818.0,594.9976190476191
819.0,594.9976190476191
820.0,594.9976190476191
821.0,594.9976190476191
822.0,594.9976190476191
823.0,594.9976190476191
824.0,594.9976190476191
825.0,594.9976190476191
826.0,594.9976190476191
827.0,594.9976190476191
828.0,594.9976190476191
829.0,594.9976190476191
830.0,594.9976190476191
831.0,594.9976190476191
832.0,594.9976190476191
833.0,594.9976190476191
834.0,594.9976190476191
835.0,594.9976190476191
836.0,594.9976190476191
837.0,594.9976190476191
838.0,594.9976190476191
839.0,594.9976190476191
840.0,594.9976190476191
841.0,594.9976190476191
842.0,594.9976190476191
843.0,594.9976190476191
844.0,594.9976190476191
845.0,594.9976190476191
846.0,594.9976190476191
847.0,594.9976190476191
848.0,594.9976190476191
849.0,594.9976190476191
850.0,594.9976190476191
851.0,594.9976190476191
852.0,594.9976190476191
853.0,594.9976190476191
853.0023809523809,595.0
854.0,595.9976190476191
855.0,595.9976190476191
856.0,595.9976190476191
857.0,595.9976190476191
858.0,595.9976190476191
859.0,595.9976190476191
860.0,595.9976190476191
861.0,595.9976190476191
862.0,595.9976190476191
863.0,595.9976190476191
864.0,595.9976190476191
865.0,595.9976190476191
866.0,595.9976190476191
867.0,595.9976190476191
868.0,595.9976190476191
869.0,595.9976190476191
870.0,595.9976190476191
871.0,595.9976190476191
872.0,595.9976190476191
873.0,595.9976190476191
874.0,595.9976190476191
875.0,595.9976190476191
876.0,595.9976190476191
877.0,595.9976190476191
878.0,595.9976190476191
879.0,595.9976190476191
880.0,595.9976190476191
881.0,595.9976190476191
882.0,595.9976190476191
883.0,595.9976190476191
884.0,595.9976190476191
885.0,595.9976190476191
886.0,595.9976190476191
886.9976190476191,595.0
886.9976190476191,594.0
886.9976190476191,593.0
886.9976190476191,592.0
886.9976190476191,591.0
886.9976190476191,590.0
886.9976190476191,589.0
886.9976190476191,588.0
886.9976190476191,587.0
886.9976190476191,586.0
886.9976190476191,585.0
886.9976190476191,584.0
886.9976190476191,583.0
886.9976190476191,582.0
886.9976190476191,581.0
886.9976190476191,580.0
886.9976190476191,579.0
886.9976190476191,578.0
886.9976190476191,577.0
887.0,576.9976190476191
887.9976190476191,576.0
